Workbook

Sheet راهنما و توضیحات 
A1: راهنمای جامع سیستم ارزیابی عملکرد و پاداش حسابداری (با مکانیزم Red Flag)
A4: اطلاعات سند (Document Information)
A5: نام سند | B5: سیستم ارزیابی عملکرد و پاداش حسابداری
A6: کد سند | B6: DBDOC-HR-ACC-001
A7: نسخه | B7: 1.0
A8: تاریخ انتشار | B8: بهار 1405
A9: ناشر | B9: DBDoc
A10: سطح استفاده | B10: Internal Organizational Use
A12: حقوق استفاده (License & Usage Rights)
A13: • استفاده از این سند در داخل سازمان خریدار مجاز است.
A14: • ویرایش و شخصی‌سازی سند برای نیازهای داخلی سازمان مجاز است.
A15: • فروش مجدد سند مجاز نیست.
A16: • انتشار عمومی یا اشتراک‌گذاری خارج از سازمان خریدار مجاز نیست.
A17: • حقوق مالکیت قالب و ساختار سند متعلق به DBDoc است.
A19: ۱. معرفی سیستم
A20: این ابزار برای استفاده سریع مدیران طراحی شده تا کل فرآیند ارزیابی در زمانی کوتاه قابل انجام باشد. سیستم، عملکرد را از ۳ جنبه نتایج (Results)، تلاش (Execution) و رفتار حرفه‌ای (Behavior) بررسی می‌کند.
A22: ۲. فلسفه ارزیابی
A23: این ابزار عملکرد را از ۳ جنبه مکمل بررسی می‌کند:
A24: • نتایج (Results) | B24: تحقق اهداف کمی و کیفی ملموس حسابداری (مانند صحت مغایرت‌ها و دقت ثبت‌ها)
A25: • تلاش و اجرا (Execution) | B25: نظم، پیگیری و کیفیت فرآیند اجرای امور روزمره
A26: • رفتار حرفه‌ای (Behavior) | B26: پایبندی به ارزش‌ها، مسئولیت‌پذیری و حفظ محرمانگی مالی
A28: ۳. مقیاس امتیازدهی
A29: ۱ = بسیار ضعیف | ۲ = ضعیف | ۳ = قابل قبول | ۴ = خوب | ۵ = عالی
A31: ۴. توصیه‌های طراحی ارزیابی
A32: برای افزایش دقت، پیشنهاد می‌شود حداکثر ۸ شاخص عملکرد (شیت ۳) و ۵ شاخص رفتاری (شیت ۴) انتخاب و وزن‌دهی شوند. تمرکز بر شاخص‌های کمتر و کلیدی‌تر، اثربخشی ارزیابی را بالا می‌برد.
A33: 5. معرفی مکانیزم استثنایی رویدادهای بحرانی (Red Flag)
A34: مکانیزم Red Flag یک سیستم کنترلی و هوشمند برای رویدادهای بحرانی است. هدف این بخش مستقل از شاخص‌های عادی، اصلاح شدیدترین خطاهای رفتاری، فرآیندی یا مالی است تا از بی‌اثر شدن خطاهای بزرگ در میان امتیازهای مثبت جلوگیری کند.
A36: 6. منطق و اثرگذاری درجات Red Flag
A37: • شدت متوسط: کاهش در امتیاز نهایی کل سیستم ( ۵- درصد) • شدت زیاد: کاهش در امتیاز نهایی کل سیستم (۱۰- درصد) • شدت بحرانی: ضریب پاداش دوره‌ای فرد دقیقاً برابر صفر (۰٪) خواهد شد.
A39: 7. قانون حاکم بر ثبت رویدادهای بحرانی
A40: در هر دوره ارزیابی تنها شدیدترین مورد ثبت شود.
A42: 8. نکات اختصاصی حسابداری
A43: • پاداش پایان سال یا بستن حساب‌های سالانه، ساختاری مجزا دارد و باید در تعیین پاداش هدف لحاظ گردد. • دقت در ثبت اسناد مالی، کنترل حساب‌ها و صحت اطلاعات مالی از مهم‌ترین معیارهای ارزیابی این سمت است. • تأخیرهای غیرموجه در ثبت اسناد، تهیه گزارش‌های مالی یا انجام مغایرت‌گیری‌ها باید در ارزیابی عملکرد منعکس شود. • کیفیت مستندسازی، بایگانی و قابلیت ردیابی اسناد مالی بخشی مهم از عملکرد حرفه‌ای حسابدار محسوب می‌شود. • ارزیابی حسابدار نباید صرفاً بر مبنای نبود خطا انجام شود؛ بهبود فرآیندها، همکاری بین واحدی و مشارکت در ارتقای کنترل‌های مالی نیز اهمیت دارد. • محرمانگی اطلاعات مالی و رعایت الزامات کنترلی و قانونی از مهم‌ترین مسئولیت‌های این جایگاه شغلی است.
... A46: گام ۱: تکمیل اطلاعات در شیت پروفایل گام ۲: امتیازدهی شاخص‌های عملکرد و رفتار در شیت‌های ۳ و ۴ گام ۳: ثبت هرگونه شواهد یا رویداد بحرانی در شیت رویدادها و بازخوردها گام ۴: مشاهده خودکار خروجی، سقف امتیاز و مبلغ پاداش در شیت موتور امتیازدهی و داشبورد نهایی.

Sheet پروفایل و توافق عملکرد
A1: پروفایل پرسنلی و توافق‌نامه عملکرد حسابداری
A4: نام و نام خانوادگی شاغل: | B4: محمد حسینی | D4: کد پرسنلی / کدملی: | E4: 10405
A5: عنوان شغلی: | B5: حسابدار ارشد | D5: واحد سازمانی: | E5: امور مالی
A6: نام و سمت ارزیاب: | B6: علیرضا رضایی (مدیر مالی) | D6: دوره ارزیابی: | E6: فصل اول 1405 (یا فروردین 1405)
A7: نام راهنما (منتور): | B7: علیرضا رضایی (مدیر مالی) | D7: مبلغ ناخالص پاداش هدف (تومان): | E7: 5000000
A9: متن توافق‌نامه عملکرد
A10: شاغل و ارزیاب توافق می‌نمایند که شاخص‌های انتخاب‌شده، وزن هر شاخص و انتظارات عملکردی این دوره به صورت شفاف بررسی و مورد توافق قرار گرفته است. تغییرات در طول دوره تنها با توافق مکتوب طرفین معتبر است.
A15: امضای شاغل: | D15: امضای ارزیاب:
A17: تاریخ:

Sheet رویدادها و بازخوردها
A1: رویدادها و بازخوردها (Performance Journal)
A4: ثبت رویدادها و بازخوردهای دوره
A5: در طول دوره، رویدادهای مثبت، منفی یا قابل توجه مرتبط با عملکرد شاغل در این بخش ثبت می‌شوند تا ارزیابی نهایی بر مبنای شواهد واقعی انجام شود.
A6: تاریخ | B6: نوع رویداد | C6: شرح رویداد | D6: ثبت کننده | E6: بازخورد / اقدام
A7: 1405/01/15 | B7: مثبت | C7: ثبت و بستن به موقع حساب‌های ماهانه و ارائه گزارش سود و زیان بدون مغایرت | D7: مدیر مالی | E7: تقدیر شفاهی در جلسه واحد
A8: 1405/02/05 | B8: منفی | C8: تاخیر در ثبت اسناد تنخواه و هزینه‌های جاری به مدت یک هفته | D8: مدیر مالی | E8: تذکر حمایتی برای مدیریت زمان
A9: 1405/02/20 | B9: مثبت | C9: همکاری موثر با واحد حسابداری جهت رفع مغایرت‌های سنواتی | D9: سرپرست حسابداری | E9: ثبت در سوابق درخشان
A10: 1405/03/02 | B10: قابل توجه | C10: اشتباه در کدینگ یکی از حساب‌های فرعی که منجر به اصلاحیه سند شد | D10: مدیر مالی | E10: بازبینی فرآیند و آموزش مجدد
A11: 1405/03/12 | B11: پیشنهاد بهبود | C11: ارائه پیشنهاد برای بهبود فرآیند جمع‌آوری اسناد مثبت بارگذاری شده در نرم‌افزار | D11: حسابدار | E11: در حال بررسی توسط واحد IT
A13: رویداد بحرانی (Red Flag)
A14: توضیح: خطاهای اساسی که به طور مستقیم کل سیستم ارزیابی و پاداش را تحت تاثیر قرار می‌دهند.
A15: تاریخ | B15: شدت | C15: شرح رویداد | D15: اثر روی ارزیابی | E15: توضیحات ارزیاب
A16: 1405/02/25 | B16: متوسط | C16: بروز مغایرت فاحش در تراز آزمایشی به دلیل عدم کنترل به موقع اسناد دریافتنی | D16: {=_xlfn.IFS(B16="-","-",B16="متوسط","کسر 5% امتیاز",B16="زیاد","کسر 10% امتیاز",B16="بحرانی","کسر تمام امتیازات")} -> کسر 5% امتیاز | E16: بررسی دقیق انجام شد
A18: پیشنهادهای توسعه و بهبود (توسط ارزیاب)
A19: در این بخش ارزیاب می‌تواند پیشنهادهایی برای توسعه فرد، بهبود عملکرد، افزایش انگیزه یا بهبود شرایط کاری ثبت نماید.
A20: اولویت | B20: مسئول پیگیری | C20: پیشنهاد توسعه‌ای | E20: وضعیت
A21: متوسط | B21: منابع انسانی | C21: شرکت در دوره آموزشی استانداردهای حسابداری جدید و قوانین مالیاتی | E21: در حال بررسی
A22: زیاد | B22: پشتیبانی / IT | C22: تخصیص نرم‌افزار کمکی اکسل پیشرفته یا ابزارهای گزارش‌گیری سریع | E22: تایید شده
A23: کم | B23: مدیر مالی | C23: اصلاح فرآیند تحویل اسناد از واحدهای عملیاتی به حسابداری جهت کاهش ضایعات زمانی | E23: ثبت شده
A25: 💡 بانک ایده‌های توسعه‌ای حسابداری (مرجع ایده)
A26: • شرکت در دوره‌های تخصصی مالیاتی و استانداردهای حسابداری | C26: • ارتقای ابزارهای گزارش‌گیری و اکسل پیشرفته مالی | D26: • آموزش قوانین کار، بیمه و سامانه‌های دولتی (سامانه مودیان)
A27: • منتورینگ تخصصی توسط مدیر مالی / سرپرست حسابداری | C27: • تفکیک بهینه وظایف جهت تمرکز بر گزارش‌های کیفی | D27: • بهبود سیستم مکانیزه بایگانی اسناد (اتوماسیون مالی)
A28: • تشویق رسمی در جلسه عمومی واحد مالی | C28: • اعطای کارت هدیه یا مرخصی تشویقی در پایان فصل مالی | D28: • اختصاص نیروی کمکی در روزهای بستن حساب‌های سالانه
A29: • بازطراحی فرآیند دریافت اسناد از سایر واحدها | C29: • تدوین دستورالعمل‌های شفاف برای تنخواه‌گردان‌ها | D29: • مشارکت در جلسات تحلیل بودجه و بهای تمام شده
A31: درخواست‌ها و پیشنهادهای شاغل
A32: شاغل می‌تواند درخواست‌ها، نیازها، پیشنهادها یا موانع موثر بر عملکرد خود را در این بخش ثبت نماید.
A33: تاریخ | B33: درخواست یا پیشنهاد شاغل | C33: توضیحات تکمیلی شاغل | D33: نظر مدیر / ارزیاب | E33: وضعیت
A34: 1405/01/20 | B34: درخواست آموزش نرم‌افزار اکسل پیشرفته | C34: برای افزایش سرعت تنظیم مغایرت‌ها و ترازهای مالی | D34: موافقت شد، در برنامه فصلی قرار گیرد. | E34: تایید شده
A35: 1405/02/18 | B35: درخواست ارسال سریع‌تر صورت‌جلسات فروش و انبار | C35: به دلیل حجم بالای ثبت‌ها در هفته اول ماه و جلوگیری از تاخیر در گزارش‌دهی | D35: بررسی حجم کاری در دستور کار است. | E35: در حال بررسی

Sheet ارزیابی عملکرد
A1: جدول ارزیابی شاخص‌های عملکردی (نتایج و تلاش)
A4: ردیف | B4: شاخص عملکرد | C4: نوع شاخص | D4: وزن (%) | E4: امتیاز (۱-۵) | F4: امتیاز وزنی
A5: 1 | B5: صحت و دقت در ثبت اسناد حسابداری و مالی | C5: نتیجه | D5: 0.2 | E5: 5 | F5: =D5*E5 -> 1
A6: 2 | B6: به‌موقع بودن ثبت اسناد و بستن حساب‌های ماهانه | C6: نتیجه | D6: 0.15 | E6: 4 | F6: =D6*E6 -> 0.6
A7: 3 | B7: تهیه و ارائه دقیق گزارش‌های مالی فصلی/ماهانه | C7: نتیجه | D7: 0.15 | E7: 4 | F7: =D7*E7 -> 0.6
A8: 4 | B8: کاهش مغایرت‌های مالی و ثبت‌های اصلاحی | C8: نتیجه | D8: 0.1 | E8: 5 | F8: =D8*E8 -> 0.5
A9: 5 | B9: نظم در مستندسازی، زونکن‌بندی و بایگانی اسناد | C9: تلاش | D9: 0.15 | E9: 3 | F9: =D9*E9 -> 0.45
A10: 6 | B10: پیگیری سریع مغایرت‌ها و مطالبات/بدهی‌ها | C10: تلاش | D10: 0.1 | E10: 4 | F10: =D10*E10 -> 0.4
A11: 7 | B11: همکاری موثر با سایر واحدها جهت اخذ اسناد مثبته | C11: تلاش | D11: 0.15 | E11: 4 | F11: =D11*E11 -> 0.6
B12: مجموع وزن‌ها | D12: =SUM(D5:D11) -> 1
B13: میانگین وزنی عملکرد (از ۵) | F13: =SUM(F5:F11)/D12 -> 4.15
A16: بانک شاخص‌های پیشنهادی حسابداری
A17: شاخص‌های نتیجه (قابل کپی به جدول بالا) | D17: شاخص‌های تلاش (قابل کپی به جدول بالا)
A18: صحت ثبت اسناد حسابداری | D18: پیگیری مستمر امور مالی
A19: به موقع بودن ثبت اسناد | D19: نظم در مستندسازی و بایگانی
A20: بستن حساب‌های ماهانه | D20: رعایت فرآیندهای مالی داخلی
A21: کیفیت گزارش‌های مالی | D21: همکاری بین واحدی جهت جمع‌آوری اسناد
A22: کاهش مغایرت‌های تراز | D22: پاسخگویی به حسابرسان
A23: دقت محاسبات حقوق و دستمزد | D23: دقت در کنترل مدارک تنخواه
A24: رعایت استانداردهای حسابداری | D24: پیگیری سریع مغایرت‌های بانکی
A25: کنترل اسناد و فاکتورها | D25: مدیریت زمان در تحویل گزارش‌ها
A26: مدیریت حساب‌های پرداختنی | D26: آمادگی در پایان ماه مالی
A27: مدیریت حساب‌های دریافتنی | D27: بروزرسانی روزانه دفاتر قانونی
A28: پیگیری به موقع مطالبات | D28: سرعت عمل در ثبت هزینه‌ها
A29: تهیه گزارش‌های مدیریتی | D29: کنترل سقف تنخواه‌گردان‌ها
A30: تطابق دفاتر با سامانه مودیان

Sheet ارزیابی رفتار حرفه‌ای
A1: جدول ارزیابی شاخص‌های رفتاری حسابدار
A4: ردیف | B4: شاخص رفتاری | C4: وزن (%) | D4: امتیاز (۱-۵) | E4: امتیاز وزنی
A5: 1 | B5: مسئولیت‌پذیری مالی و تعهد شغلی | C5: 0.2 | D5: 5 | E5: =C5*D5 -> 1
A6: 2 | B6: رعایت کامل محرمانگی اطلاعات و اسناد مالی | C6: 0.2 | D6: 5 | E6: =C6*D6 -> 1
A7: 3 | B7: امانت‌داری، صداقت و اخلاق حرفه‌ای | C7: 0.2 | D7: 5 | E7: =C7*D7 -> 1
A8: 4 | B8: نظم، انضباط و حضور به‌موقع | C8: 0.1 | D8: 4 | E8: =C8*D8 -> 0.4
A9: 5 | B9: پاسخگویی و همکاری با سایر واحدها | C9: 0.1 | D9: 4 | E9: =C9*D9 -> 0.4
A10: 6 | B10: دقت، تمرکز و کنترل استرس در شرایط فشار کاری | C10: 0.2 | D10: 3 | E10: =C10*D10 -> 0.6
B11: مجموع وزن‌ها | C11: =SUM(C5:C10) -> 1
B12: میانگین وزنی رفتار (از ۵) | E12: =SUM(E5:E10)/C11 -> 4.4

Sheet موتور امتیازدهی و خلاصه
A1: سیستم وزن‌دهی کلان و موتور محاسبات نهایی
A4: تنظیم وزن‌های اصلی سیستم (درصد)
A5: بخش ارزیابی | C5: وزن اختصاصی
A6: وزن عملکرد (نتایج و تلاش) | C6: 0.7
A7: وزن رفتار حرفه‌ای | C7: 0.3
A8: مجموع وزن‌های کلان | C8: =SUM(C6:C7) -> 1
A11: خلاصه امتیازات محاسباتی
B12: بخش | C12: میانگین وزنی اولیه (۱-۵) | D12: تبدیل به درصد (٪) | E12: سهم در امتیاز نهایی
A13: عملکرد (شیت ۳) | C13: ='ارزیابی عملکرد'!F13 -> 4.15 | D13: =C13/5 -> 0.83 | E13: =D13*C6 -> 0.581
A14: رفتار حرفه‌ای (شیت ۴) | C14: ='ارزیابی رفتار حرفه‌ای'!E12 -> 4.4 | D14: =C14/5 -> 0.88 | E14: =D14*C7 -> 0.264
A15: رویداد بحرانی (Red Flag) | C15: ='رویدادها و بازخوردها'!B16 -> متوسط | D15: ='رویدادها و بازخوردها'!D16 -> کسر 5% امتیاز | E15: {=_xlfn.IFS(C15="-",0%,C15="متوسط",-5%,C15="زیاد",-10%,C15="بحرانی",-(SUM(E13:E14)))} -> -0.05
A16: امتیاز نهایی کل (درصد) | E16: =SUM(E13:E15) -> 0.795
A18: جدول راهنمای تفسیر امتیازات
A19: از | B19: تا | C19: تفسیر عملکرد | D19: پاداش پیشنهادی
A20: 0 | B20: 0.5 | C20: نیازمند اقدام فوری (Critical) | D20: 0
A21: 0.5 | B21: 0.7 | C21: نیازمند بهبود (Improve) | D21: 0
A22: 0.7 | B22: 0.8 | C22: قابل قبول (Acceptable) | D22: 0.5
A23: 0.8 | B23: 0.9 | C23: خوب (Good) | D23: 0.75
A24: 0.9 | B24: 1 | C24: عالی (Excellent) | D24: 1
B26: سطح عملکرد نهایی: | C26: {=_xlfn.IFS(AND((E16>=A20), (E16<=B20)),C20,AND((E16>A21), (E16<=B21)),C21,AND((E16>A22), (E16<=B22)),C22,AND((E16>A23), (E16<=B23)),C23,E16>=A24,C24)} -> قابل قبول (Acceptable)

Sheet خروجی و نتایج
A1: داشبورد نهایی و فرم محاسبه پاداش حسابدار
A4: نام شاغل: | B4: ='پروفایل و توافق عملکرد'!B4 -> محمد حسینی | D4: دوره ارزیابی: | E4: ='پروفایل و توافق عملکرد'!E6 -> فصل اول 1405 (یا فروردین 1405)
A5: امتیاز عملکرد (٪): | B5: ='موتور امتیازدهی و خلاصه'!D13 -> 0.83 | D5: امتیاز رفتار (٪): | E5: ='موتور امتیازدهی و خلاصه'!D14 -> 0.88
A6: امتیاز کل نهایی: | B6: ='موتور امتیازدهی و خلاصه'!E16 -> 0.795 | D6: سطح عملکرد نهایی: | E6: ='موتور امتیازدهی و خلاصه'!C26 -> قابل قبول (Acceptable)
A8: محاسبه مالی پاداش پایان دوره
A9: مبلغ پاداش هدف (Target Bonus): | B9: ='پروفایل و توافق عملکرد'!E7 -> 5000000
A10: ضریب پاداش عملکرد: | B10: =IF(B6<0.6,0,IF(B6<0.75,0.5,IF(B6<0.9,0.75,1))) -> 0.75
A11: پاداش قابل پرداخت نهایی: | B11: =B9*B10 -> 3750000
A13: جمع‌بندی و دیدگاه ارزیاب
A14: نقاط قوت شاغل: | B14: دقت بالا در ثبت سندها، بستن به موقع ترازها و همکاری عالی در فرآیند حسابرسی.
A15: زمینه‌های بهبود: | B15: تقویت سرعت عمل در یادگیری استانداردهای جدید مالیاتی و سامانه مودیان.
A16: تصمیم نهایی مدیر: | B16: پرداخت کامل پاداش به همراه تمدید قرارداد دوره آتی.
